,Link
0,index.html
1,index.html
2,catalogue/category/books_1/index.html
3,catalogue/category/books/travel_2/index.html
4,catalogue/category/books/mystery_3/index.html
5,catalogue/category/books/historical-fiction_4/index.html
6,catalogue/category/books/sequential-art_5/index.html
7,catalogue/category/books/classics_6/index.html
8,catalogue/category/books/philosophy_7/index.html
9,catalogue/category/books/romance_8/index.html
10,catalogue/category/books/womens-fiction_9/index.html
11,catalogue/category/books/fiction_10/index.html
12,catalogue/category/books/childrens_11/index.html
13,catalogue/category/books/religion_12/index.html
14,catalogue/category/books/nonfiction_13/index.html
15,catalogue/category/books/music_14/index.html
16,catalogue/category/books/default_15/index.html
17,catalogue/category/books/science-fiction_16/index.html
18,catalogue/category/books/sports-and-games_17/index.html
19,catalogue/category/books/add-a-comment_18/index.html
20,catalogue/category/books/fantasy_19/index.html
21,catalogue/category/books/new-adult_20/index.html
22,catalogue/category/books/young-adult_21/index.html
23,catalogue/category/books/science_22/index.html
24,catalogue/category/books/poetry_23/index.html
25,catalogue/category/books/paranormal_24/index.html
26,catalogue/category/books/art_25/index.html
27,catalogue/category/books/psychology_26/index.html
28,catalogue/category/books/autobiography_27/index.html
29,catalogue/category/books/parenting_28/index.html
30,catalogue/category/books/adult-fiction_29/index.html
31,catalogue/category/books/humor_30/index.html
32,catalogue/category/books/horror_31/index.html
33,catalogue/category/books/history_32/index.html
34,catalogue/category/books/food-and-drink_33/index.html
35,catalogue/category/books/christian-fiction_34/index.html
36,catalogue/category/books/business_35/index.html
37,catalogue/category/books/biography_36/index.html
38,catalogue/category/books/thriller_37/index.html
39,catalogue/category/books/contemporary_38/index.html
40,catalogue/category/books/spirituality_39/index.html
41,catalogue/category/books/academic_40/index.html
42,catalogue/category/books/self-help_41/index.html
43,catalogue/category/books/historical_42/index.html
44,catalogue/category/books/christian_43/index.html
45,catalogue/category/books/suspense_44/index.html
46,catalogue/category/books/short-stories_45/index.html
47,catalogue/category/books/novels_46/index.html
48,catalogue/category/books/health_47/index.html
49,catalogue/category/books/politics_48/index.html
50,catalogue/category/books/cultural_49/index.html
51,catalogue/category/books/erotica_50/index.html
52,catalogue/category/books/crime_51/index.html
53,catalogue/a-light-in-the-attic_1000/index.html
54,catalogue/a-light-in-the-attic_1000/index.html
55,catalogue/tipping-the-velvet_999/index.html
56,catalogue/tipping-the-velvet_999/index.html
57,catalogue/soumission_998/index.html
58,catalogue/soumission_998/index.html
59,catalogue/sharp-objects_997/index.html
60,catalogue/sharp-objects_997/index.html
61,catalogue/sapiens-a-brief-history-of-humankind_996/index.html
62,catalogue/sapiens-a-brief-history-of-humankind_996/index.html
63,catalogue/the-requiem-red_995/index.html
64,catalogue/the-requiem-red_995/index.html
65,catalogue/the-dirty-little-secrets-of-getting-your-dream-job_994/index.html
66,catalogue/the-dirty-little-secrets-of-getting-your-dream-job_994/index.html
67,catalogue/the-coming-woman-a-novel-based-on-the-life-of-the-infamous-feminist-victoria-woodhull_993/index.html
68,catalogue/the-coming-woman-a-novel-based-on-the-life-of-the-infamous-feminist-victoria-woodhull_993/index.html
69,catalogue/the-boys-in-the-boat-nine-americans-and-their-epic-quest-for-gold-at-the-1936-berlin-olympics_992/index.html
70,catalogue/the-boys-in-the-boat-nine-americans-and-their-epic-quest-for-gold-at-the-1936-berlin-olympics_992/index.html
71,catalogue/the-black-maria_991/index.html
72,catalogue/the-black-maria_991/index.html
73,catalogue/starving-hearts-triangular-trade-trilogy-1_990/index.html
74,catalogue/starving-hearts-triangular-trade-trilogy-1_990/index.html
75,catalogue/shakespeares-sonnets_989/index.html
76,catalogue/shakespeares-sonnets_989/index.html
77,catalogue/set-me-free_988/index.html
78,catalogue/set-me-free_988/index.html
79,catalogue/scott-pilgrims-precious-little-life-scott-pilgrim-1_987/index.html
80,catalogue/scott-pilgrims-precious-little-life-scott-pilgrim-1_987/index.html
81,catalogue/rip-it-up-and-start-again_986/index.html
82,catalogue/rip-it-up-and-start-again_986/index.html
83,catalogue/our-band-could-be-your-life-scenes-from-the-american-indie-underground-1981-1991_985/index.html
84,catalogue/our-band-could-be-your-life-scenes-from-the-american-indie-underground-1981-1991_985/index.html
85,catalogue/olio_984/index.html
86,catalogue/olio_984/index.html
87,catalogue/mesaerion-the-best-science-fiction-stories-1800-1849_983/index.html
88,catalogue/mesaerion-the-best-science-fiction-stories-1800-1849_983/index.html
89,catalogue/libertarianism-for-beginners_982/index.html
90,catalogue/libertarianism-for-beginners_982/index.html
91,catalogue/its-only-the-himalayas_981/index.html
92,catalogue/its-only-the-himalayas_981/index.html
93,catalogue/page-2.html
